Material,er,Qf,f,Tcf,Single_Crystal_1,er1,Qf1,f1,Tcf1,Single_Crystal_2,er2,Qf2,f2,Tcf2,V1,V2,W1,W2,Ref
LiAlSiO4+15wt%Bi2O3,4.3,62400,,-16,LiAlSiO4,4.8,36000,,8,Bi2O3,33.5,18700,8.7,-235,,,0.85,0.15,
0.85SiO2-0.15TiO2coreshellstructure,5.4,40500,,2.5,SiO2,3.8,80400,,-16,TiO2,115,46000,,450,0.85,0.15,0.81,0.19,24
0.9SiO2-0.1TiO2coreshellstructure,4.6,36300,,-0.5,SiO2,3.8,80400,,-16,TiO2,115,46000,,450,0.9,0.1,,,24
0.8SiO2-0.2TiO2coreshellstructure,5.8,27500,,26.4,SiO2,3.8,80400,,-16,TiO2,115,46000,,450,0.8,0.2,,,24
0.75SiO2-0.25TiO2coreshellstructure,7.7,21200,,51.5,SiO2,3.8,80400,,-16,TiO2,115,46000,,450,0.75,0.25,,,24
0.7SiO2-0.3TiO2coreshellstructure,9.5,26800,,64,SiO2,3.8,80400,,-16,TiO2,115,46000,,450,0.7,0.3,,,24
1.0SiO2-0.0TiO2coreshellstructure,3.8,80400,,-16,SiO2,3.8,80400,,-16,TiO2,115,46000,,450,1,0,0.81,0.19,
0.0SiO2-1.0TiO2coreshellstructure,115,46000,,450,SiO2,3.8,80400,,-16,TiO2,115,46000,,450,0,1,0.81,0.19,
Mg3B2O6+5wt%Mg2B2O5,7,241000,,-18,Mg2B2O5,6.2,32000,,-45,Mg3B2O6,7.2,150400,16,,0.06,0.94,0.05,0.95,
Mg2SiO4+1wt%TiO2Fosterite,7,230000,,-65,Mg2SiO4,6.8,270000,,-67,TiO2,115,46000,,450,0.983,0.017,0.99,0.01,
AlphaCaSiO3+6wt%SiO2,7.4,33700,,-11,SiO2,3.8,80400,,-16,CaSiO3,8.4,16000,10,-11.14,0.89,0.11,0.06,0.94,
Zn2SiO4+8mol%Bi2O3,7.6,12600,,-22,Zn2SiO4,6.6,219000,,-61,Bi2O3,33.5,18700,8.7,-235,0.92,0.08,0.846,0.154,
1Zn2SiO4-0Bi2O3,6.6,219000,,-61,Zn2SiO4,6.6,219000,,-61,Bi2O3,33.5,18700,8.7,-235,1,0,0.846,0.154,
0Zn2SiO4-1Bi2O3,33.5,18700,8.7,-235,Zn2SiO4,6.6,219000,,-61,Bi2O3,33.5,18700,8.7,-235,0,1,0.846,0.154,
CaMg0.9Zn0.1Si2O6+0.6wt%LiF,7.7,70000,,-25,LiF,9.02,192400,7.1,-163.46,CaMg0.9Zn0.1Si2O6,7.9,76100,,-22,,,0.006,0.994,
CaMg0.9Zn0.1Si2O6+5wt%MgF2,7.8,169800,11.7,-26,MgF2,5.48,490000,11232,-113.9,CaMg0.9Zn0.1Si2O6,7.9,76100,,-22,,,0.05,0.95,
LiMgPO4+0.05vfTiO2,7.9,63600,,-36,LiMgPO4,6.6,79100,,-60,TiO2,115,46000,,450,0.95,0.05,,,58
0.9LiMgPO4+0.1vfTiO2,9.3,45400,,-12.3,LiMgPO4,6.6,79100,,-60,TiO2,115,46000,,450,0.9,0.1,,,58
0.88LiMgPO4+0.12vfTiO2,10,26900,,1.2,LiMgPO4,6.6,79100,,-60,TiO2,115,46000,,450,0.88,0.12,,,58
0.85LiMgPO4+0.15vfTiO2,11.4,21100,,3.5,LiMgPO4,6.6,79100,,-60,TiO2,115,46000,,450,0.85,0.15,,,58
α-CaSiO3+2wt%TiO2,7.9,16500,,1,CaSiO3,8.4,16000,10,-11.14,TiO2,115,46000,,450,0.972,0.028,0.98,0.02,
CaAl2Si2O8+5wt%TiO2,8,22500,,-50,CaAl2Si2O8,7.4,12000,,-130,TiO2,115,46000,,450,0.845,0.155,0.95,0.05,
LiMg0.9Zn0.1PO4+0.05VfTiO2,8.2,80200,,-39,LiMg0.9Zn0.1PO4,6.7,99700,,-62,TiO2,115,46000,,450,0.95,0.05,,,73
LiMg0.9Zn0.1PO4+0.1VfTiO2,9.5,69500,,-15,LiMg0.9Zn0.1PO4,6.7,99700,,-62,TiO2,115,46000,,450,0.9,0.1,,,73
LiMg0.9Zn0.1PO4+0.12VfTiO2,10.1,52900,,-5,LiMg0.9Zn0.1PO4,6.7,99700,,-62,TiO2,115,46000,,450,0.88,0.12,,,73
LiMg0.9Zn0.1PO4+0.15VfTiO2,11.7,49800,,17,LiMg0.9Zn0.1PO4,6.7,99700,,-62,TiO2,115,46000,,450,0.85,0.15,,,73
1LiMg0.9Zn0.1PO4-0TiO2,6.7,99700,,-62,LiMg0.9Zn0.1PO4,6.7,99700,,-62,TiO2,115,46000,,450,1,0,0.95,0.05,
0LiMg0.9Zn0.1PO4-1TiO2,115,46000,,450,LiMg0.9Zn0.1PO4,6.7,99700,,-62,TiO2,115,46000,,450,0,1,0.95,0.05,
0.86(Mg0.4Zn0.6)2SiO4-0.14CaTiO3,8.4,28100,,-6,(Mg0.4Zn0.6)2SiO4,6.6,95650,,-60,CaTiO3,162,1290,1.5,859,0.86,0.14,,,
1(Mg0.4Zn0.6)2SiO4-0CaTiO3,6.6,95650,,-60,(Mg0.4Zn0.6)2SiO4,6.6,95650,,-60,CaTiO3,162,1290,1.5,859,1,0,,,
0.96Sr2Al2SiO7-0.04CaTiO3,8.6,20400,,8.5,Sr2Al2SiO7,7,33000,,-34,CaTiO3,162,1290,1.5,859,0.96,0.04,,,109
0.97Sr2Al2SiO7-0.03CaTiO3,8.4,20450,,-9.5,Sr2Al2SiO7,7,33000,,-34,CaTiO3,162,1290,1.5,859,0.97,0.03,,,109
1Sr2Al2SiO7-0CaTiO3,7,33000,,-34,Sr2Al2SiO7,7,33000,,-34,CaTiO3,162,1290,1.5,859,1,0,0.96,0.04,
Sr2ZnSi2O7+2wt%SrTiO3,8.8,60000,,-13,Sr2ZnSi2O7,8.4,105000,,-52,SrTiO3,270,3000,2,1500,0.956,0.434,0.98,0.02,
89%wt Zn2SiO4- 11%wt TiO2,9.1,118000,,1,Zn2SiO4,6.6,219000,,-61,TiO2,115,46000,,450,0.744,0.256,0.957,0.043,
0.95Sr2Al2SiO7-0.05CaTiO3,9.2,14400,,24,Sr2Al2SiO7,7,33000,,-34,CaTiO3,162,1290,1.5,859,0.95,0.05,0.981,0.019,
0.84MgAl2O4-0.16TiO2,9.3,82200,10.1,-27,MgAl2O4,8.5,105000,,-63,TiO2,115,46000,,450,0.84,0.16,0.903,0.097,
LiMg0.9Zn0.1PO4+0.1VfTiO2,9.5,69500,,-15,LiMg0.9Zn0.1PO4,6.7,99700,,-62,TiO2,115,46000,,450,0.9,0.1,0.9,0.1,
1LiMg0.9Zn0.1PO4-0TiO2,6.7,99700,,-62,LiMg0.9Zn0.1PO4,6.7,99700,,-62,TiO2,115,46000,,450,1,0,0.9,0.1,
0LiMg0.9Zn0.1PO4-1TiO2,115,46000,,450,LiMg0.9Zn0.1PO4,6.7,99700,,-62,TiO2,115,46000,,450,0,1,0.9,0.1,
0.79ZnAl2O4-0.21Mg2TiO4,9.6,160800,,-65,ZnAl2O4,7.9,82000,,-63,Mg2TiO4,14.2,160000,,-50,0.79,0.21,0.811,0.189,
0.96MgO-0.04LiF,9.6,282230,,-63,LiF,9.02,192400,7.1,-163.46,MgO,7.9,113600,16.4,-51,0.04,0.96,0.026,0.974,227
0.98MgO-0.02LiF,9.6,249216,,-61.1,LiF,9.02,192400,7.1,-163.46,MgO,7.9,113600,16.4,-51,0.02,0.98,0.026,0.974,227
0.94MgO-0.06LiF,9.4,211116,,-62.9,LiF,9.02,192400,7.1,-163.46,MgO,7.9,113600,16.4,-51,0.06,0.94,0.026,0.974,227
0.92MgO-0.08LiF,9.3,150566,,-62.1,LiF,9.02,192400,7.1,-163.46,MgO,7.9,113600,16.4,-51,0.08,0.92,0.026,0.974,227
LiMg0.95Ni0.05PO4+11wt%TiO2,9.9,50800,,-1,LiMg0.95Ni0.05PO4,6.9,98600,,-55,TiO2,115,46000,,450,,,0.89,0.11,
LiMgPO4+0.12TiO2,10,26900,,-1,LiMgPO4,6.6,79100,,-60,TiO2,115,46000,,450,0.88,0.12,0.88,0.12,
Al2O3+0.5wt%TiO2,10,453000,9,,Al2O3,10,634000,14,-40,TiO2,115,46000,,450,0.9936,0.00637,0.995,0.005,
Al2O3+500ppmTiO2,10,500000,10,,Al2O3,10,634000,14,-40,TiO2,115,46000,,450,0.9995,0.0005,0.9995,0.0005,
Al2O3+0.015vfTiO2,10,300000,10,0,Al2O3,10,634000,14,-40,TiO2,115,46000,,450,0.985,0.015,,,
LiMg0.95Co0.05PO4+16.1wt%TiO2,10,58200,,1,LiMg0.95Co0.05PO4,7,111200,,-54,TiO2,115,46000,,450,,,0.839,0.161,
LiMg0.9Zn0.1PO4+0.12VfTiO2,10.1,52900,,-5,LiMg0.9Zn0.1PO4,6.7,99700,,-62,TiO2,115,46000,,450,0.88,0.12,,,
0.55Li2WO4-0.45TiO2,10.1,32800,,-17,Li2WO4,5.5,62000,15.7,-146,TiO2,115,46000,,450,0.55,0.45,0.8,0.2,
Y3Al5O12+1.3wt%TiO2,10.2,80100,,-30,Y3Al5O12,10.4,440000,,-50,TiO2,115,46000,,450,0.91,0.09,0.987,0.013,
0.88ZnAl2O4-0.12TiO2,10.3,79800,11.1,-22,ZnAl2O4,7.9,82000,,-63,TiO2,115,46000,,450,0.88,0.12,0.943,0.057,
0.8BaMoO4-0.2TiO2,10.6,51800,,-56,BaMoO4,9,37100,,-90,TiO2,115,46000,,450,0.8,0.2,0.937,0.063,
0.55Li2MoO4-0.45TiO2,10.6,30000,,-5,Li2MoO4,5.2,18500,9.6,-160,TiO2,115,46000,,450,0.55,0.45,0.73,0.27,
0.75MgAl2O4-0.25TiO2,10.7,105400,7.5,-12,MgAl2O4,8.5,105000,,-63,TiO2,115,46000,,450,0.75,0.25,0.842,0.158,
0.92ZnAl2O4-0.08CaTiO3,10.8,32300,,0,ZnAl2O4,7.9,82000,,-63,CaTiO3,162,1290,1.5,859,0.92,0.08,0.94,0.06,
Mg2SiO4+24wt%TiO2,11,82000,,0,Mg2SiO4,6.8,270000,,-67,TiO2,115,46000,,450,0.64,0.36,0.76,0.24,
0.50Li2WO4-0.5TiO2,11,32000,,-3,Li2WO4,5.5,62000,15.7,-146,TiO2,115,46000,,450,0.5,0.5,0.766,0.234,
0.7BaMoO4-0.3TiO2,11.3,52600,,-34,BaMoO4,9,37100,,-90,TiO2,115,46000,,450,0.7,0.3,0.897,0.103,
LiMgPO4+0.15vfTiO2,11.4,21100,,4,LiMgPO4,6.6,79100,,-60,TiO2,115,46000,,450,0.85,0.15,,,
0.8SrMoO4-0.2TiO2,11.5,19200,,8,SrMoO4,9.5,61000,,-67,TiO2,115,46000,,450,0.8,0.2,0.925,0.075,
0.8NaCa2Mg2V3O12-0.2CaTiO3,11.5,37500,,2,NaCa2Mg2V3O12,10,50600,,-47,CaTiO3,162,1290,1.5,859,0.8,0.2,0.936,0.064,
0.79ZnAl2O4-0.21TiO2,11.6,74000,6.5,0,ZnAl2O4,7.9,82000,,-63,TiO2,115,46000,,450,0.79,0.21,0.896,0.104,
0.6LiYW2O8-0.4BaWO4,11.7,19750,,14,BaWO4,8.1,56000,,-55,LiYW2O8,14.8,9550,,64,0.4,0.6,0.3,0.7,
0.8LiYW2O8-0.2BaWO4,12.4,12170,,33,BaWO4,8.1,56000,,-55,LiYW2O8,14.8,9550,,64,0.2,0.8,0.3,0.7,
1LiYW2O8-0BaWO4,14.8,9550,,64,BaWO4,8.1,56000,,-55,LiYW2O8,14.8,9550,,64,0,1,0.3,0.7,
0LiYW2O8-1BaWO4,8.1,56000,,-55,BaWO4,8.1,56000,,-55,LiYW2O8,14.8,9550,,64,1,0,0.3,0.7,
0.4LiYW2O8-0.6BaWO4,10.2,24318,,-21,BaWO4,8.1,56000,,-55,LiYW2O8,14.8,9550,,64,0.6,0.4,0.3,0.7,
LiMg0.9Zn0.1PO4+0.15VfTiO2,11.7,49800,,17,LiMg0.9Zn0.1PO4,6.7,99700,,-62,TiO2,115,46000,,450,0.85,0.15,,,
0.662BaMoO4-0.338TiO2,12.1,41600,,-25,BaMoO4,9,37100,,-90,TiO2,115,46000,,450,0.662,0.338,0.88,0.12,
0.76SrMoO4-0.24TiO2,12.2,21700,,40,SrMoO4,9.5,61000,,-67,TiO2,115,46000,,450,0.76,0.24,0.907,0.093,
0.50Li2MoO4-0.5TiO2,12.3,27000,,23,Li2MoO4,5.2,18500,9.6,-160,TiO2,115,46000,,450,0.5,0.5,0.685,0.315,
0.8LiCa3MgV3O12+0.2CaTiO3,13.2,59600,,1.3,LiCa3ZnV3O12,11.5,81100,,-72,CaTiO3,162,1290,1.5,859,0.8,0.2,0.97,0.03,
0.895Al2O3-0.105TiO2,12.5,340000,80,2,Al2O3,10,634000,14,-40,TiO2,115,46000,,450,0.895,0.105,0.916,0.084,
0.83ZnAl2O4-0.17TiO2,12.6,100200,10,0,ZnAl2O4,7.9,82000,,-63,TiO2,115,46000,,450,0.83,0.17,0.918,0.082,
0.8CaMoO4-0.2TiO2,12.8,29310,,10,CaMoO4,10.8,89700,,-23,TiO2,115,46000,,450,0.8,0.2,0.91,0.09,
0.9LiCa3MgV3O12- 0.1CaTiO3,12.4,57600,,2.7,LiCa3MgV3O12,10.5,74700,,-61,CaTiO3,162,1290,1.5,859,0.9,0.1,0.94,0.06,
0.5MgAl2O4-0.5TiO2,13.2,88000,6.8,-4,MgAl2O4,8.5,105000,,-63,TiO2,115,46000,,450,0.5,0.5,0.64,0.36,
BaTa2P2O11+5wt%TiO2,13.4,17200,,-6,BaTa2P2O11,12.9,28900,,-29,TiO2,115,46000,,450,,,,,
0.77CaMoO4-0.23TiO2,13.4,31300,,33,CaMoO4,10.8,89700,,-23,TiO2,115,46000,,450,0.77,0.23,,,
0.6BaMoO4-0.4TiO2,13.8,40500,,-6,BaMoO4,9,37100,,-90,TiO2,115,46000,,450,0.6,0.4,,,
0.80ZnAl2O4-0.20TiO2,14,90700,9.66,6,ZnAl2O4,7.9,82000,,-63,TiO2,115,46000,,450,0.8,0.2,,,
0.8(Al1/2Ta1/2)O2-0.2(Mg1/3Ta2/3)O2,14.2,62150,,-41,(Al1/2Ta1/2)O2,8.7,60800,,-55,(Mg1/3Ta2/3)O2,27.1,95360,,51,0.8,0.2,,,
Mg2TiO4+1.5wt%CeO2nanoparticles,14.6,167000,,,Mg2TiO4,14.2,160000,,-50,CeO2,23,65000,,-55,0.986,0.014,,,
0.2(Li1/2Nd1/2)WO4-0.8ZnWO4,14.8,1370,,-20,ZnWO4,13.5,62800,,-60,(Li1/2Nd1/2)WO4,16.1,4210,,142,0.8,0.2,,,
0.8Li2Zn3Ti4O12–0.2Li2TiO3,18.5,75000,,-46.5,Li2Zn3Ti4O12,20.6,106700,,-48,Li2TiO3,22,23600,,38.5,0.8,0.2,,,
0.6Li2Zn3Ti4O12–0.4Li2TiO3,18.3,43000,,-39,Li2Zn3Ti4O12,20.6,106700,,-48,Li2TiO3,22,23600,,38.5,0.6,0.4,,,
0.4Li2Zn3Ti4O12–0.6Li2TiO3,18.7,21000,,-31,Li2Zn3Ti4O12,20.6,106700,,-48,Li2TiO3,22,23600,,38.5,0.4,0.6,,,
0.2Li2Zn3Ti4O12–0.8Li2TiO3,19.3,23000,,-11,Li2Zn3Ti4O12,20.6,106700,,-48,Li2TiO3,22,23600,,38.5,0.2,0.8,,,
0.91MgWO4-0.09CaTiO3,14.9,27500,7.1,9,MgWO4,9.9,69000,,-58,CaTiO3,162,1290,1.5,859,0.91,0.09,,,
0.94MgWO4-0.06CaTiO3,14.4,29500,7.1,-13.5,MgWO4,9.9,69000,,-58,CaTiO3,162,1290,1.5,859,0.94,0.06,,,
0.93MgWO4-0.07CaTiO3,14.5,30900,7.1,-6.2,MgWO4,9.9,69000,,-58,CaTiO3,162,1290,1.5,859,0.93,0.07,,,
0.92MgWO4-0.08CaTiO3,14.7,31800,7.1,0,MgWO4,9.9,69000,,-58,CaTiO3,162,1290,1.5,859,0.92,0.08,,,
0.9MgWO4-0.1CaTiO3,15,24800,7.1,15.2,MgWO4,9.9,69000,,-58,CaTiO3,162,1290,1.5,859,0.9,0.1,,,
(1-x)(Al1/2Ta1/2)O2-x(Mg1/3Ta2/3)O2x=0.2,15.7,103600,,-40,(Al1/2Ta1/2)O2,8.7,60800,,-55,(Mg1/3Ta2/3)O2,27.1,95360,,51,0.8,0.2,,,
0.7Ba2BiV3O11-0.3TiO2,15.7,53200,8.57,-2,Ba2BiV3O11,14.2,68700,8.7,-81,TiO2,115,46000,,450,0.7,0.3,,,373
1Ba2BiV3O11-0TiO2,14.2,68700,8.7,-81,Ba2BiV3O11,14.2,68700,8.7,-81,TiO2,115,46000,,450,1,0,,,373
0.9Ba2BiV3O11-0.1TiO2,14.6,60200,8.57,-64,Ba2BiV3O11,14.2,68700,8.7,-81,TiO2,115,46000,,450,0.9,0.1,,,373
0.8Ba2BiV3O11-0.2TiO2,15.1,55800,8.57,-37,Ba2BiV3O11,14.2,68700,8.7,-81,TiO2,115,46000,,450,0.8,0.2,,,373
0.6Ba2BiV3O11-0.4TiO2,16.2,45800,8.57,36,Ba2BiV3O11,14.2,68700,8.7,-81,TiO2,115,46000,,450,0.6,0.4,,,373
0.5BaMoO4-0.5TiO2,16.5,25200,,46,BaMoO4,9,37100,,-90,TiO2,115,46000,,450,0.5,0.5,,,
1-xCeO2-xSm2O3(x=0.25),16.8,29650,,-56,Sm2O3,23,46000,,22,CeO2,23,65000,,-55,0.25,0.75,,,
0.35Ba5Nb4O15-0.65BaWO4,16.9,56700,,-4,BaWO4,8.1,56000,,-55,Ba5Nb4O15,40,53000,,78,0.65,0.35,,,430
0.59Ba5Nb4O15-0.41BaWO4,24.8,44100,,15,BaWO4,8.1,56000,,-55,Ba5Nb4O15,40,53000,,78,0.41,0.59,,,430
0.74CaWO4-0.26TiO2,17.5,27000,,0.41,CaWO4,8.7,52000,,-54,TiO2,115,46000,,450,0.74,0.26,,,450
0.9CaWO4-0.1TiO2,13.1,42000,,-10,CaWO4,8.7,52000,,-54,TiO2,115,46000,,450,0.9,0.1,,,450
0.8CaWO4-0.2TiO2,16.8,29000,,-4,CaWO4,8.7,52000,,-54,TiO2,115,46000,,450,0.8,0.2,,,450
0.7CaWO4-0.3TiO2,20.1,22400,,51,CaWO4,8.7,52000,,-54,TiO2,115,46000,,450,0.7,0.3,,,450
0.6CaWO4-0.4TiO2,23.4,21000,,87,CaWO4,8.7,52000,,-54,TiO2,115,46000,,450,0.6,0.4,,,450
0.5CaWO4-0.5TiO2,39.9,18500,,147,CaWO4,8.7,52000,,-54,TiO2,115,46000,,450,0.5,0.5,,,450
0.2CaWO4-0.8TiO2,64.4,12000,,308,CaWO4,8.7,52000,,-54,TiO2,115,46000,,450,0.2,0.8,,,450
0CaWO4-1TiO2,115,46000,,450,CaWO4,8.7,52000,,-54,TiO2,115,46000,,450,0,1,,,450
1CaWO4-0TiO2,8.7,52000,,-54,CaWO4,8.7,52000,,-54,TiO2,115,46000,,450,1,0,,,450
0.93(Mg0.97Zn0.03)(Ti0.95Sn0.05)O4-0.07CaTiO3,18.3,94700,,-4,(Mg0.97Zn0.03)(Ti0.95Sn0.05)O4,14.6,183500,,-44,CaTiO3,162,1290,1.5,859,0.93,0.07,,,
80%wt MgNb2O6- 20%wt CaTiO3,18.4,73700,,-45,MgNb2O6,18.42,79600,,-72,CaTiO3,162,1290,1.5,859,0.64,0.36,,,487
93% MgNb2O6/7% CaTiO3,19.95,78600,,-52.8,MgNb2O6,18.42,79600,,-72,CaTiO3,162,1290,1.5,859,0.855,0.145,,,487
93% MgNb2O6/7% TiO2,22.56,47400,,-48.8,MgNb2O6,18.42,79600,,-72,TiO2,115,46000,,450,0.776,0.224,,,487
90% MgNb2O6/10% TiO2,25.36,19000,,-23.1,MgNb2O6,18.42,79600,,-72,TiO2,115,46000,,450,0.7,0.3,,,487
87% MgNb2O6/13% TiO2,37.97,21800,,80,MgNb2O6,18.42,79600,,-72,TiO2,115,46000,,450,0.636,0.364,,,487
(1-x)CeO2-xSm2O3(x=0.85),18.5,44700,,-55,Sm2O3,23,46000,,22,CeO2,23,65000,,-55,0.85,0.15,,,
(1-x)Li3Bi2P3O12-xTiO2(x=0.45),18.9,13700,,-43,Li3Bi2P3O12,15.8,26600,,-130,TiO2,115,46000,,450,0.55,0.45,,,
Zn2Te3O8+4wt%TiO2,19.3,27000,5.14,-9,Zn2Te3O8,16.2,66000,4.9,-60,TiO2,115,46000,,450,0.756,0.244,,,
94% wt CaNb2O6- 6% wt CaTiO3,19.5,69500,,-65,CaNb2O6,17.3,49600,6.9,-53,CaTiO3,162,1290,1.5,859,0.869,0.131,,,487
92% CaNb2O6/8% CaTiO3,30.14,10800,,39.7,CaNb2O6,17.3,49600,6.9,-53,CaTiO3,162,1290,1.5,859,0.83,0.17,,,487
90% CaNb2O6/10% CaTiO3,33.9,17600,,72.7,CaNb2O6,17.3,49600,6.9,-53,CaTiO3,162,1290,1.5,859,0.79,0.21,,,487
89% CaNb2O6/11% TiO2,23.09,6700,,-11.3,CaNb2O6,17.3,49600,6.9,-53,TiO2,115,46000,,450,0.6675,0.3325,,,487
88% CaNb2O6/12% TiO2,22.32,3600,,5.2,CaNb2O6,17.3,49600,6.9,-53,TiO2,115,46000,,450,0.645,0.355,,,487
85% CaNb2O6/15% TiO2,24.66,2100,,36.7,CaNb2O6,17.3,49600,6.9,-53,TiO2,115,46000,,450,0.584,0.416,,,487
0.95MgTiO3-0.05CaTiO3,21,56000,7,0,MgTiO3,16.1,289400,,-54,CaTiO3,162,1290,1.5,859,0.95,0.05,,,
NdNbO4+2wt%CaF2,20.1,75000,,-19,CaF2,6.8,92000,8.1,-137.85,NdNbO4,19.6,33000,,-24,0.07,0.93,,,
0.964MgTiO3-0.036SrTiO3,20.8,71000,,-1,MgTiO3,16.1,289400,,-54,SrTiO3,270,3000,2,1500,0.964,0.036,,,
1MgTiO3-0SrTiO3,16.1,289400,,-54,MgTiO3,16.1,289400,,-54,SrTiO3,270,3000,2,1500,1,0,,,
0.96Mg(Zr0.05Ti0.95)O3-0.04SrTiO3,20.8,257000,,0,Mg(Zr0.05Ti0.95)O3,18.1,380000,,-50,SrTiO3,270,3000,2,1500,0.96,0.04,,,
1Mg(Zr0.05Ti0.95)O3-1SrTiO3,18.1,380000,,-50,Mg(Zr0.05Ti0.95)O3,18.1,380000,,-50,SrTiO3,270,3000,2,1500,1,0,,,
0.94(Mg0.95Co0.05)TiO3-0.06CaTiO3,20.9,102000,7,-10,(Mg0.95Co0.05)TiO3,16.8,230000,10,-54,CaTiO3,162,1290,1.5,859,0.94,0.06,,,
0.96MgTiO3-0.04SrTiO3,20.9,135000,9,0,MgTiO3,16.1,289400,,-54,SrTiO3,270,3000,2,1500,0.96,0.04,,,
0.95Mg(Zr0.05Ti0.95)O3-0.05SrTiO3,20.9,203000,6.8,2,Mg(Zr0.05Ti0.95)O3,18.1,380000,,-50,SrTiO3,270,3000,2,1500,0.95,0.05,,,
CoLi2/3Ti4/3O4+1.5wt%BaCu(B2O5),20.9,27800,,-24,BaCu(B2O5),7.3,50000,,-32,CoLi2/3Ti4/3O4,21.4,35000,,-22,,,,,
(1-x)Li3Bi2P3O12-xTiO2(x=0.50),20.9,14000,,-25,Li3Bi2P3O12,15.8,26600,,-130,TiO2,115,46000,,450,0.5,0.5,,,
SrLa4Si3O13+8wt%TiO2,21,13000,,-10,SrLa4Si3O13,14.2,26300,,-46,TiO2,115,46000,,450,,,,,
0.54BaWO4-0.46Ba5Nb4O15,21,49500,,9,BaWO4,8.1,56000,,-55,Ba5Nb4O15,40,53000,,78,0.54,0.46,,,
0.6Mg4Nb2O9-0.4SrTiO3,21,112000,9.7,2,Mg4Nb2O9,8.5,50000,,,SrTiO3,270,3000,2,1500,0.6,0.4,,,
0.34BaMoO4-0.66TiO2,21.3,20700,,119,BaMoO4,9,37100,,-90,TiO2,115,46000,,450,0.34,0.66,,,
0.94MgTiO3-0.06CaTiO3(MMT-20),21.4,26000,7,,MgTiO3,16.1,289400,,-54,CaTiO3,162,1290,1.5,859,0.94,0.06,,,
0.93(Mg0.95Co0.05)TiO3-0.07CaTiO3,21.6,92000,7,-2,(Mg0.95Co0.05)TiO3,16.8,230000,10,-54,CaTiO3,162,1290,1.5,859,0.93,0.07,,,
99wt%BiSbO4+1wt%CaTiO3,21.8,61150,,-40,BiSbO4,19.3,70000,,-62,CaTiO3,162,1290,1.5,859,0.9715,0.0285,,,
Li3NbO4-0.15CaTiO3,21.9,24900,,5.6,Li3NbO4,15.8,55000,,-49,CaTiO3,162,1290,1.5,859,0.85,0.15,,,
0.92(Mg0.95Co0.05)TiO3-0.08CaTiO3,22.1,86400,7,5.4,(Mg0.95Co0.05)TiO3,16.8,230000,10,-54,CaTiO3,162,1290,1.5,859,0.92,0.08,,,
(1-x)Li3Bi2P3O12-xTiO2(x=0.55),22.1,14900,,-3,Li3Bi2P3O12,15.8,26600,,-130,TiO2,115,46000,,450,0.45,0.55,,,
0.75ZnNb2O6-0.25CaTiO3,22.5,15000,,-15,ZnNb2O6,21.5,84500,6.3,-75,CaTiO3,162,1290,1.5,859,0.75,0.25,,,
70% ZnNb2O6/30% TiO2,52,26500,,110.3,ZnNb2O6,21.5,84500,6.3,-75,TiO2,115,46000,,450,0.36,0.64,,,487
85% ZnNb2O6/15% TiO2,29.82,46000,,-69.6,ZnNb2O6,21.5,84500,6.3,-75,TiO2,115,46000,,450,0.566,0.434,,,487
95% CoNb2O6/5% TiO2,27.51,20100,,-10.6,CoNb2O6,20.46,41700,,-66.6,TiO2,115,46000,,450,0.816,0.184,,,487
0.95MgLi2/3Ti4/3O4-0.05CaTiO3,22.6,48000,,-2,MgLi2/3Ti4/3O4,20.2,62300,,-27,CaTiO3,162,1290,1.5,859,0.95,0.05,,,
0.93(Mg0.95Zn0.05)TiO3-0.07CaTiO3,22.6,93000,10,-3,(Mg0.95Zn0.05)TiO3,16,210000,,-60,CaTiO3,162,1290,1.5,859,0.93,0.07,,,
0.45TiO2-0.55CeTe2O6,22.8,8300,,25,CeTe2O6,15.2,45400,,-68,TiO2,115,46000,,450,0.55,0.45,,,
0.93MgTiO3-0.07CaTiO3SPSmethod,23,70000,,,MgTiO3,16.1,289400,,-54,CaTiO3,162,1290,1.5,859,0.93,0.07,,,
La2/3(Mg1/2W1/2)O3+2mol%TiO2,23.6,14800,,-10,La2/3(Mg1/2W1/2)O3,23.6,32500,,-43,TiO2,115,46000,,450,0.98,0.02,,,
(1-x)Li3Bi2P3O12-xTiO2(x=0.6),23.8,15300,,23,Li3Bi2P3O12,15.8,26600,,-130,TiO2,115,46000,,450,0.4,0.6,,,
CeO2:10mol%Sm2O3,21,86000,,-50,Sm2O3,23,46000,,22,CeO2,23,65000,,-55,0.1,0.9,,,469
CeO2:0mol%Sm2O3,23,65000,,-55,Sm2O3,23,46000,,22,CeO2,23,65000,,-55,0,1,,,469
CeO2:30mol%Sm2O3,19.7,85000,,-42,Sm2O3,23,46000,,22,CeO2,23,65000,,-55,0.3,0.7,,,469
CeO2:50mol%Sm2O3,18.3,90000,,-30,Sm2O3,23,46000,,22,CeO2,23,65000,,-55,0.5,0.5,,,469
CeO2:70mol%Sm2O3,19.9,74000,,-17,Sm2O3,23,46000,,22,CeO2,23,65000,,-55,0.7,0.3,,,469
CeO2:80mol%Sm2O3,20.7,56000,,-10,Sm2O3,23,46000,,22,CeO2,23,65000,,-55,0.8,0.2,,,469
CeO2:90mol%Sm2O3,19.6,45000,,-6,Sm2O3,23,46000,,22,CeO2,23,65000,,-55,0.9,0.1,,,469
CeO2:92mol%Sm2O3,20.2,40000,,0,Sm2O3,23,46000,,22,CeO2,23,65000,,-55,0.92,0.08,,,469
CeO2:100mol%Sm2O3,23,65000,,22,Sm2O3,23,46000,,22,CeO2,23,65000,,-55,1,0,,,469
0.20MgAl2O4-0.80TiO2,24.1,48900,5.5,11,MgAl2O4,8.5,105000,,-63,TiO2,115,46000,,450,0.2,0.8,,,
0.82BiSbO4-0.18Bi2Mo2O9,24.3,24000,,-4,BiSbO4,19.3,70000,,-62,Bi2Mo2O9,38,12500,,31,0.82,0.18,,,
0.5Mg4Nb2O9-0.5CaTiO3,24.8,82000,9.1,0,Mg4Nb2O9,8.5,50000,,,CaTiO3,162,1290,1.5,859,0.5,0.5,,,
0.9LaAlO3-0.1SrTiO3,25.1,128000,10,-51,LaAlO3,23.4,68000,10,-58,SrTiO3,270,3000,2,1500,0.9,0.1,,,
0.17Ba5Nb4O15-0.83BaNb2O6,25.2,59300,,0,BaNb2O6,17,2600,7.01,,Ba5Nb4O15,40,53000,,78,0.83,0.17,,,
0.5ZnAl2O4-0.5TiO2,25.2,277000,,177,ZnAl2O4,7.9,82000,,-63,TiO2,115,46000,,450,0.5,0.5,,,
TeO2+7.5wt%CaTiO3,25.3,10200,,-16,TeO2,19.3,30000,4,-119,CaTiO3,162,1290,1.5,859,0.913,0.087,,,
0.35(Al1/2Ta1/2)O2-0.65(Mg1/3Ta2/3)O2,26.1,112500,,0,(Al1/2Ta1/2)O2,8.7,60800,,-55,(Mg1/3Ta2/3)O2,27.1,95360,,51,0.35,0.65,,,193
0.8(Al1/2Ta1/2)O2-0.2(Mg1/3Ta2/3)O2,14,64000,,-40,(Al1/2Ta1/2)O2,8.7,60800,,-55,(Mg1/3Ta2/3)O2,27.1,95360,,51,0.8,0.2,,,193
0.6(Al1/2Ta1/2)O2-0.4(Mg1/3Ta2/3)O2,22.4,90000,,-18,(Al1/2Ta1/2)O2,8.7,60800,,-55,(Mg1/3Ta2/3)O2,27.1,95360,,51,0.6,0.4,,,193
0.4(Al1/2Ta1/2)O2-0.6(Mg1/3Ta2/3)O2,25.4,110000,,3.8,(Al1/2Ta1/2)O2,8.7,60800,,-55,(Mg1/3Ta2/3)O2,27.1,95360,,51,0.4,0.6,,,193
0.9Li2ZnTi3O8-0.1TiO2,26.1,44500,,-1,Li2ZnTi3O8,25.6,72000,,-11,TiO2,115,46000,,450,0.9,0.1,,,
TeO2+17.5wt%SrTiO3,26.2,12000,,16,TeO2,19.3,30000,4,-119,SrTiO3,270,3000,2,1500,0.844,0.156,,,
0.2(Al1/2Ta1/2)O2-0.8(Mg1/3Ta2/3)O2,26.5,103190,,25,(Al1/2Ta1/2)O2,8.7,60800,,-55,(Mg1/3Ta2/3)O2,27.1,95360,,51,0.2,0.8,,,
(1-x)La(Mg1/2Ti1/2)O3-xLa2/3TiO3(x=0.1),26.5,30580,8.3,,La(Mg1/2Ti1/2)O3,27.6,114300,7.1,-81,La2/3TiO3,65,15700,,,0.9,0.1,,,
TeO2+15wt%SrTiO3,26.6,12400,,-4,TeO2,19.3,30000,4,-119,SrTiO3,270,3000,2,1500,0.867,0.133,,,
0.8LaAlO3-0.2SrTiO3,26.7,139000,10,-50,LaAlO3,23.4,68000,10,-58,SrTiO3,270,3000,2,1500,0.8,0.2,,,
0.6LaAlO3-0.4SrTiO3,32,120000,10,-37,LaAlO3,23.4,68000,10,-58,SrTiO3,270,3000,2,1500,0.6,0.4,,,
0.5LaAlO3-0.5SrTiO3,36,108000,10,-20,LaAlO3,23.4,68000,10,-58,SrTiO3,270,3000,2,1500,0.5,0.5,,,
0.3LaAlO3-0.7SrTiO3,53,28000,10,58,LaAlO3,23.4,68000,10,-58,SrTiO3,270,3000,2,1500,0.3,0.7,,,
TeO2+20wt%SrTiO3,26.7,11400,,31,TeO2,19.3,30000,4,-119,SrTiO3,270,3000,2,1500,0.821,0.179,,,
0.7Ba(Mg1/3Ta2/3)O3-0.3Ba(Co1/3Nb2/3)O3,27,172700,,-1.3,Ba(Mg1/3Ta2/3)O3,24,430000,10,5,Ba(Co1/3Nb2/3)O3,32,78000,,-12,0.7,0.3,,,829
0.4Ba(Mg1/3Ta2/3)O3-0.6Ba(Co1/3Nb2/3)O3,31,109757,,-3.8,Ba(Mg1/3Ta2/3)O3,24,430000,10,5,Ba(Co1/3Nb2/3)O3,32,78000,,-12,0.4,0.6,,,829
TeO2+10wt%SrTiO3,27.5,13100,,-46,TeO2,19.3,30000,4,-119,SrTiO3,270,3000,2,1500,0.9118,0.08812,,,
(1-x)La(Mg1/2Ti1/2)O3-xLa2/3TiO3(x=0.2),27.5,16600,7.89,,La(Mg1/2Ti1/2)O3,27.6,114300,7.1,-81,La2/3TiO3,65,15700,,,0.8,0.2,,,
ZnTiO3-0.25TiO2,27.5,14000,,-20,ZnTiO3,19,30000,10,-55,TiO2,115,46000,,450,0.75,0.25,,,
Li2ZnTi3O8+2wt%Bi2O3,27.8,36400,,,Li2ZnTi3O8,25.6,72000,,-11,Bi2O3,33.5,18700,8.7,-235,0.985,0.015,,,
Ca(Yb1/2Ta1/2)O3+4mol%CaTiO3,28,41000,,-2,Ca(Yb1/2Ta1/2)O3,21.2,24000,9.6,-38,CaTiO3,162,1290,1.5,859,0.96,0.04,,,
ZnZrNb2O8+3wt%BaCu(B2O5),28.4,56700,,-53,BaCu(B2O5),7.3,50000,,-32,ZnZrNb2O8,30,61000,,-52,0.046,0.954,,,
TeO2+10wt%CaTiO3,28.7,15600,,-3,TeO2,19.3,30000,4,-119,CaTiO3,162,1290,1.5,859,0.8846,0.1154,,,
0.7LaAlO3-0.3SrTiO3,28.9,120000,9.9,-44,LaAlO3,23.4,68000,10,-58,SrTiO3,270,3000,2,1500,0.7,0.3,,,
CeO2+0.06CaTiO3,29,25000,,0,CeO2,23,65000,,-55,CaTiO3,162,1290,1.5,859,0.94,0.06,,,
0.9Nd(Co1/2Ti1/2)O3-0.1SrTiO3,29.3,80900,,0,Nd(Co1/2Ti1/2)O3,27,140000,9,-46,SrTiO3,270,3000,2,1500,0.9,0.1,,,
(1-x)La(Mg1/2Ti1/2)O3-xLa2/3TiO3(x=0.3),29.3,6500,8.3,,La(Mg1/2Ti1/2)O3,27.6,114300,7.1,-81,La2/3TiO3,65,15700,,123,0.7,0.3,,,
0.8(Al1/2Ta1/2)O2-0.2TiO2,29.4,75470,,0,(Al1/2Ta1/2)O2,8.7,60800,,-55,TiO2,115,46000,,450,0.8,0.2,,,
0.78ZnNb2O6-0.22TiO2,29.6,27700,,22,ZnNb2O6,21.5,84500,6.3,-75,TiO2,115,46000,,450,0.78,0.22,,,
0.23BaWO4-0.77Ba5Nb4O15,29.7,44600,,28,BaWO4,8.1,56000,,-55,Ba5Nb4O15,40,53000,,78,0.23,0.77,,,
0.9La(Mg1/2Ti1/2)O3-0.1CaTiO3,29.8,16700,6.9,-70,La(Mg1/2Ti1/2)O3,27.6,114300,7.1,-81,CaTiO3,162,1290,1.5,859,0.9,0.1,,,
(1-x)CaTiO3-xSm(Mg1/2Ti1/2)O3(x=0.8),30,13000,,-20,Sm(Mg1/2Ti1/2)O3,25,65500,10,-26,CaTiO3,162,1290,1.5,859,0.8,0.2,,,
TeO2+15wt%CaTiO3,30.1,21400,,29,TeO2,19.3,30000,4,-119,CaTiO3,162,1290,1.5,859,0.8284,0.1716,,,
LiBiW2O8+30mol%TiO2,30.2,13000,,-9,LiBiW2O8,26.5,16400,,70,TiO2,115,46000,,450,0.7,0.3,,,
Sr(Yb1/2Nb1/2)O3+0.5wt%CeO2,30.7,26600,,-73,CeO2,23,65000,,-55,Sr(Yb1/2Nb1/2)O3,29.4,50000,8.1,-72,,,,,
0.8Li2ZnTi3O8-0.2TiO2,30.9,56100,,29,Li2ZnTi3O8,25.6,72000,,-11,TiO2,115,46000,,450,0.8,0.2,,,
TeO2+12.5wt%CaTiO3,31.2,14800,,18,TeO2,19.3,30000,4,-119,CaTiO3,162,1290,1.5,859,0.8564,0.1436,,,
0.75(Al1/2Ta1/2)O2-0.25TiO2,31.2,54600,,13,(Al1/2Ta1/2)O2,8.7,60800,,-55,TiO2,115,46000,,450,0.75,0.25,,,
0.9Ba(Zn1/3Ta2/3)O3-0.1BaTi4O9,31.5,68500,6,4,BaTi4O9,36,50500,10.3,16,Ba(Zn1/3Ta2/3)O3,28,168000,,1,0.1,0.9,,,945
0.75Ba(Zn1/3Ta2/3)O3-0.25BaTi4O9,31.7,58000,11,5.2,BaTi4O9,36,50500,10.3,16,Ba(Zn1/3Ta2/3)O3,28,168000,,1,0.25,0.75,,,945
0.6Ba(Zn1/3Ta2/3)O3-0.4BaTi4O9,33.1,48500,11,6.3,BaTi4O9,36,50500,10.3,16,Ba(Zn1/3Ta2/3)O3,28,168000,,1,0.4,0.6,,,945
0.45Ba(Zn1/3Ta2/3)O3-0.55BaTi4O9,34,40800,11,8.1,BaTi4O9,36,50500,10.3,16,Ba(Zn1/3Ta2/3)O3,28,168000,,1,0.55,0.45,,,945
0.3Ba(Zn1/3Ta2/3)O3-0.7BaTi4O9,35,37800,11,10.7,BaTi4O9,36,50500,10.3,16,Ba(Zn1/3Ta2/3)O3,28,168000,,1,0.7,0.3,,,945
0.15Ba(Zn1/3Ta2/3)O3-0.85BaTi4O9,37,33000,11,14,BaTi4O9,36,50500,10.3,16,Ba(Zn1/3Ta2/3)O3,28,168000,,1,0.7,0.3,,,945
Sr(Sm1/2Ta1/2)O3+0.2wt%TiO2,32,46400,,-46,Sr(Sm1/2Ta1/2)O3,27.7,59000,8.5,-63,TiO2,115,46000,,450,,,,,
Sr(Er1/2Nb1/2)O3+0.5wt%CeO2,32.2,36100,,-67,CeO2,23,65000,,-55,Sr(Er1/2Nb1/2)O3,32,36100,,-67,,,,,
Sr(Y1/2Nb1/2)O3+0.5wt%CeO2,32.2,38850,,-66,CeO2,23,65000,,-55,Sr(Y1/2Nb1/2)O3,32,38800,,-66,,,,,
Sr(Ho1/2Nb1/2)O3+0.5wt%CeO2,32.3,20400,,-65,CeO2,23,65000,,-55,Sr(Ho1/2Nb1/2)O3,32,20400,,-65,,,,,
Sr(Dy1/2Nb1/2)O3+0.5wt%CeO2,33,32700,,-63,CeO2,23,65000,,-55,Sr(Dy1/2Nb1/2)O3,33,32700,,-63,,,,,
(1-x)La(Mg1/2Ti1/2)O3-xLa2/3TiO3(x=0.37),33.2,8560,8.3,,La(Mg1/2Ti1/2)O3,27.6,114300,7.1,-81,La2/3TiO3,65,15700,,123,0.63,0.37,,,
Sr(Tb1/2Nb1/2)O3+0.5wt%CeO2,33.7,36300,,-61,CeO2,23,65000,,-55,Sr(Tb1/2Nb1/2)O3,34,36300,,-61,,,,,
0.99Ba(Co1/3Nb2/3)O3-0.01Ba(Y1/2Nb1/2)O3,34,38690,,,Ba(Co1/3Nb2/3)O3,32,78000,,-12,Ba(Y1/2Nb1/2)O3,37,49600,,15,0.99,0.01,,,
0.95Ba(Yb1/2Nb1/2)O3-0.05Ca(Y1/2Nb1/2)O3,34,47500,,1,Ba(Yb1/2Nb1/2)O3,30,16500,8.7,118,Ca(Y1/2Nb1/2)O3,31,35000,,-13,0.95,0.05,,,
0.7BaTi4O9-0.3BaZn2Ti4O11,34.2,60600,,-2,BaTi4O9,36,50500,10.3,16,BaZn2Ti4O11,30,68000,,-30,0.7,0.3,,,
0.5ZnNb2O6-0.5TiO2,34.3,42500,,-52,ZnNb2O6,21.5,84500,6.3,-75,TiO2,115,46000,,450,0.5,0.5,,,
Sr(Gd1/2Nb1/2)O3+0.5wt%CeO2,34.3,8800,,-56,CeO2,23,65000,,-55,Sr(Gd1/2Nb1/2)O3,34,8800,,-56,,,,,
0.5La2/3TiO3-0.5LaAlO3,34.4,45000,6.7,-23,LaAlO3,23.4,68000,10,-58,La2/3TiO3,65,15700,,123,0.5,0.5,,,
0.5CeO2-0.5BaTi4O9,34.5,20050,4.2,2,BaTi4O9,36,50500,10.3,16,CeO2,23,65000,,-55,0.5,0.5,,,
Sr(Eu1/2Nb1/2)O3+0.5wt%CeO2,34.7,44000,,-52,CeO2,23,65000,,-55,Sr(Eu1/2Nb1/2)O3,35,44000,,-52,,,,,
0.5LaAlO3-0.5SrTiO3,35,27000,,-18,LaAlO3,23.4,68000,10,-58,SrTiO3,270,3000,2,1500,0.5,0.5,,,
0.42Zn3Nb2O8-0.58TiO2,35,48000,,0,Zn3Nb2O8,21,83300,,-71,TiO2,115,46000,,450,0.42,0.58,,,
(1-x)La(Mg1/2Ti1/2)O3-xLa2/3TiO3(x=0.4),35.1,6700,7.9,,La(Mg1/2Ti1/2)O3,27.6,114300,7.1,-81,La2/3TiO3,65,15700,,123,0.6,0.4,,,
0.17Ba5Nb4O15-0.83BaNb2O6(hex),35.2,59300,,0,BaNb2O6,17,2600,7.01,,Ba5Nb4O15,40,53000,,78,0.83,0.17,,,
0.25Zn3Nb2O8-0.75TiO2,36,5160,,4,Zn3Nb2O8,21,83300,,-71,TiO2,115,46000,,450,0.25,0.75,,,
0.2CaTiO3-0.8Ca(Mg1/3Nb2/3)O3,36,39000,7.7,-30,Ca(Mg1/3Nb2/3)O3,28,58000,,-48,CaTiO3,162,1290,1.5,859,0.8,0.2,,,
Sr(Nd1/2Nb1/2)O3+0.5wt%CeO2,36.9,20100,,-40,CeO2,23,65000,,-55,Sr(Nd1/2Nb1/2)O3,37,20100,,-40,,,,,
0.9Ba(Co1/3Nb2/3)O3-0.1Ba(Y1/2Nb1/2)O3,37,25560,,,Ba(Co1/3Nb2/3)O3,32,78000,,-12,Ba(Y1/2Nb1/2)O3,37,49600,,15,0.9,0.1,,,
0.35CaTiO3-0.65LaAlO3,37,47000,,-2,LaAlO3,23.4,68000,10,-58,CaTiO3,162,1290,1.5,859,0.65,0.35,,,
0.6Sm(Co1/2Ti1/2)O3-0.4CaTiO3,37,43000,,1,Sm(Co1/2Ti1/2)O3,25.5,76000,10,-16,CaTiO3,162,1290,1.5,859,0.6,0.4,,,
0.6CaTiO3-0.4NdAlO3,37.2,40750,,114,NdAlO3,22,58000,,-35,CaTiO3,162,1290,1.5,859,0.4,0.6,,,
0.7La(Mg1/2Ti1/2)O3-0.3CaTiO3,37.2,15300,6.3,-54,La(Mg1/2Ti1/2)O3,27.6,114300,7.1,-81,CaTiO3,162,1290,1.5,859,0.7,0.3,,,
0.6Li2ZnTi3O8-0.4TiO2,37.3,11700,,102,Li2ZnTi3O8,25.6,72000,,-11,TiO2,115,46000,,450,0.6,0.4,,,
Ca5Ta2TiO12+0.5wt%MgO,38,40000,,6,MgO,7.9,113600,16.4,-51,Ca5Ta2TiO12,38,33000,4.2,10,0.09,0.91,,,
0.7La(Mg1/2Ti1/2)O3-0.3SrTiO3,38.3,10550,6.6,,La(Mg1/2Ti1/2)O3,27.6,114300,7.1,-81,SrTiO3,270,3000,2,1500,0.7,0.3,,,
Ca5Ta2TiO12+0.5wt%Al2O3,38.6,36000,,6,Al2O3,10,634000,14,-40,Ca5Ta2TiO12,38,33000,4.2,10,0.038,0.962,,,
Ca5Ta2TiO12+0.1wt%SiO2,39,35000,5,9,SiO2,3.8,80400,,-16,Ca5Ta2TiO12,38,33000,4.2,10,0.013,0.987,,,
0.6La2/3TiO3-0.4LaAlO3,39.6,42200,6,-15,LaAlO3,23.4,68000,10,-58,La2/3TiO3,65,15700,,123,0.4,0.6,,,
(1-x)La(Mg1/2Ti1/2)O3-xLa2/3TiO3(x=0.45),39.7,5800,7.6,,La(Mg1/2Ti1/2)O3,27.6,114300,7.1,-81,La2/3TiO3,65,15700,,123,0.55,0.45,,,
0.7Ca(Mg1/3Nb2/3)O3-0.3CaTiO3,40,27900,3.8,-15,Ca(Mg1/3Nb2/3)O3,28,58000,,-48,CaTiO3,162,1290,1.5,859,0.7,0.3,,,
0.6La2/3TiO3-0.4LaAlO3(oxygen),40,50800,6,-15,LaAlO3,23.4,68000,10,-58,La2/3TiO3,65,15700,,123,0.4,0.6,,,
Ba5Nb4O15+1.5wt%BaCu(B2O5),40.2,28600,,60,BaCu(B2O5),7.3,50000,,-32,Ba5Nb4O15,40,53000,,78,0.06,0.94,,,
0.65CaTiO3-0.35SmAlO3,41,42000,,-18,SmAlO3,20.4,65000,10,-74,CaTiO3,162,1290,1.5,859,0.35,0.65,,,
0.65CaTiO3-0.35LaAlO3,41,33000,,-17,LaAlO3,23.4,68000,10,-58,CaTiO3,162,1290,1.5,859,0.35,0.65,,,
CaTi0.4(Al1/2Nb1/2).6O3+1wt%Li3NbO4,41.1,36200,7,-36,Li3NbO4,15.8,55000,,-49,CaTi0.4(Al1/2Nb1/2).6O3,41.3,27100,7,-44,,,,,
0.67CaTiO3-0.33NdAlO3,42,42900,,45,NdAlO3,22,58000,,-35,CaTiO3,162,1290,1.5,859,0.33,0.67,,,
0.1CaTiO3-0.9Nd(Mg1/2Ti1/2)O3,42,35000,,-10,Nd(Mg1/2Ti1/2)O3,23,36900,10,-49,CaTiO3,162,1290,1.5,859,0.9,0.1,,,
Sr(Sm1/2Ta1/2)O3+3wt%TiO2,42,8800,,3,Sr(Sm1/2Ta1/2)O3,27.7,59000,8.5,-63,TiO2,115,46000,,450,,,,,
0.36Ca4La2Ti5O17-0.64LaAlO3,42,12500,,0,LaAlO3,23.4,68000,10,-58,Ca4La2Ti5O17,73,16000,3.3,127,0.64,0.36,,,
0.4LaAlO3-0.6SrTiO3,42.1,83000,9.5,8,LaAlO3,23.4,68000,10,-58,SrTiO3,270,3000,2,1500,0.4,0.6,,,
0.7CaTiO3-0.3NdAlO3,45,44000,,3,NdAlO3,22,58000,,-35,CaTiO3,162,1290,1.5,859,0.3,0.7,,,
0.5La(Mg1/2Ti1/2)O3-0.5CaTiO3,43,28000,5.5,-13,La(Mg1/2Ti1/2)O3,27.6,114300,7.1,-81,CaTiO3,162,1290,1.5,859,0.5,0.5,,,
ZrTiO4-ZnNb2O6,44,48000,,0,ZnNb2O6,21.5,84500,6.3,-75,ZrTiO4,42,31000,7,58,0.5,0.5,,,
0.66CaTiO3-0.34LaAlO3,44,30000,,-3,LaAlO3,23.4,68000,10,-58,CaTiO3,162,1290,1.5,859,0.34,0.66,,,
0.6CaTiO3-0.4NdGaO3,44,30000,,-18,NdGaO3,22,85000,,,CaTiO3,162,1290,1.5,859,0.4,0.6,,,
0.7La2/3TiO3-0.3LaAlO3,44.9,33000,6,7,LaAlO3,23.4,68000,10,-58,La2/3TiO3,65,15700,,123,0.3,0.7,,,
NiNb2O6+30wt%TiO2,45,7700,6,73,NiNb2O6,21,19300,6.5,-71,TiO2,115,46000,,450,0.3537,0.6463,,,
0.73CaTiO3-0.27NdAlO3,45,31000,,-15,NdAlO3,22,58000,,-35,CaTiO3,162,1290,1.5,859,0.27,0.73,,,
0.58ZnNb2O6-0.42TiO2,45,6000,,0,ZnNb2O6,21.5,84500,6.3,-75,TiO2,115,46000,,450,0.58,0.42,,,
0.42ZnNb2O6-0.58TiO2,45,48000,8,0,ZnNb2O6,21.5,84500,6.3,-75,TiO2,115,46000,,450,0.42,0.58,,,
0.45Nd3Ga5O12-0.65CaTiO3,45,46000,5,-2,Nd3Ga5O12,12.4,137800,13.8,-33,CaTiO3,162,1290,1.5,859,0.35,0.65,,,
0.7CaTiO3-0.3SmAlO3,45,42000,,1,SmAlO3,20.4,65000,10,-74,CaTiO3,162,1290,1.5,859,0.3,0.7,,,
0.6CaTiO3-0.4LaGaO3,45,34000,,-20,LaGaO3,27,97000,5,-80,CaTiO3,162,1290,1.5,859,0.4,0.6,,,
0.7CaTiO3-0.3NdAlO3,45,44000,,0,NdAlO3,22,58000,,-35,CaTiO3,162,1290,1.5,859,0.7,0.3,,,
0.65CaTiO3-0.35NdGaO3,45,46000,,-2,NdGaO3,22,85000,,,CaTiO3,162,1290,1.5,859,0.35,0.65,,,
0.71CaTiO3-0.29NdAlO3,45.1,38450,,6,NdAlO3,22,58000,,-35,CaTiO3,162,1290,1.5,859,0.29,0.71,,,
(1-x)Ca(Mg1/3Ta2/3)O3-xCaTiO3(x=0.45),45.1,34800,,17,Ca(Mg1/3Ta2/3)O3,21,78000,,-61,CaTiO3,162,1290,1.5,859,0.55,0.45,,,
0.3SrTiO3-0.7Ca(Mg1/3Nb2/3)O3,46,29300,6.8,2,Ca(Mg1/3Nb2/3)O3,28,58000,,-48,SrTiO3,270,3000,2,1500,0.7,0.3,,,
0.65LiNb3O8-0.35TiO2,46.2,5800,,0,LiNb3O8,24,58000,,-96,TiO2,115,46000,,450,0.65,0.35,,,
0.4ZnNb2O6-0.6TiO2,46.2,48000,,-1,ZnNb2O6,21.5,84500,6.3,-75,TiO2,115,46000,,450,0.4,0.6,,,
0.5ZnTa2O6-0.5TiO2,46.2,36700,,74,ZnTa2O6,30.3,87580,,9.5,TiO2,115,46000,,450,0.5,0.5,,,
0.55La(Mg1/2Ti1/2)O3-0.45SrTiO3,46.3,34000,8,0,La(Mg1/2Ti1/2)O3,27.6,114300,7.1,-81,SrTiO3,270,3000,2,1500,0.55,0.45,,,
0.64CaTiO3-0.36LaGaO3,46.5,48000,8,-3,LaGaO3,27,97000,5,-80,CaTiO3,162,1290,1.5,859,0.36,0.64,,,
(1-x)La(Mg1/2Ti1/2)O3-xLa2/3TiO3(x=0.49),46.5,8300,6.2,,La(Mg1/2Ti1/2)O3,27.6,114300,7.1,-81,La2/3TiO3,65,15700,,123,0.51,0.49,,,
0.75CaTiO3-0.25LaAlO3,47,36000,,13,LaAlO3,23.4,68000,10,-58,CaTiO3,162,1290,1.5,859,0.25,0.75,,,
0.65CaTiO3-0.35LaGaO3,47,40000,,0,LaGaO3,27,97000,5,-80,CaTiO3,162,1290,1.5,859,0.35,0.65,,,
0.66CaTiO3-0.34LaGaO3,47.5,46000,,4,LaGaO3,27,97000,5,-80,CaTiO3,162,1290,1.5,859,0.34,0.66,,,
Ca5Nb2TiO12+0.5wt%MgO,47.5,33000,,34,MgO,7.9,113600,16.4,-51,Ca5Nb2TiO12,48,26600,3.7,40,,,,,
0.34CaTiO3-0.66Ca(Mg1/3Nb2/3)O3,48,32500,,-2,Ca(Mg1/3Nb2/3)O3,28,58000,,-48,CaTiO3,162,1290,1.5,859,0.66,0.34,,,
CaTi0.5(Al1/2Nb1/2).5O3+1wt%Li3NbO4,48,32100,7,-2,Li3NbO4,15.8,55000,,-49,CaTi0.5(Al1/2Nb1/2).5O3,48,26100,7,-4,,,,,
0.5La(Mg1/2Ti1/2)O3-0.5SrTiO3,48.1,5800,6.6,,La(Mg1/2Ti1/2)O3,27.6,114300,7.1,-81,SrTiO3,270,3000,2,1500,0.5,0.5,,,
Ca5Nb2TiO12+1wt%Al2O3,48.7,29000,,33,Al2O3,10,634000,14,-40,Ca5Nb2TiO12,48,26600,3.7,40,0.058,0.942,,,
0.7CaTiO3-0.3NdGaO3,49,32000,,35,NdGaO3,22,85000,,,CaTiO3,162,1290,1.5,859,0.3,0.7,,,
0.7CaTiO3-0.3LaGaO3,49.4,29000,8,22,LaGaO3,27,97000,5,-80,CaTiO3,162,1290,1.5,859,0.3,0.7,,,
0.5La(Mg1/2Ti1/2)O3-0.5La2/3TiO3,50,10000,,5,La(Mg1/2Ti1/2)O3,27.6,114300,7.1,-81,La2/3TiO3,65,15700,,123,0.5,0.5,,,
0.5CaTiO3-0.5La(Zn1/2Ti1/2)O3,50,38000,7,0,La(Zn1/2Ti1/2)O3,34,59000,10,-52,CaTiO3,162,1290,1.5,859,0.5,0.5,,,
NiNb2O6+40wt%TiO2,50,5700,6,99,NiNb2O6,21,19300,6.5,-71,TiO2,115,46000,,450,0.26,0.74,,,
0.75CaTiO3-0.25SmAlO3,51,31000,,31,SmAlO3,20.4,65000,10,-74,CaTiO3,162,1290,1.5,859,0.25,0.75,,,
0.3La(Mg1/2Ti1/2)O3-0.7CaTiO3,51.2,43800,5.8,,La(Mg1/2Ti1/2)O3,27.6,114300,7.1,-81,CaTiO3,162,1290,1.5,859,0.3,0.7,,,
TiFeNbO6+2wt%Bi2O3,51.3,1400,3.6,103,Bi2O3,33.5,18700,8.7,-235,TiFeNbO6,47.2,2300,3.68,281,0.013,0.987,,,
0.3LaAlO3-0.7SrTiO3,52,50800,9.3,56,LaAlO3,23.4,68000,10,-58,SrTiO3,270,3000,2,1500,0.3,0.7,,,
0.4(La1/2Na1/2)TiO3-0.6Ca(Mg1/3Nb2/3)O3,52.3,29700,6,2,Ca(Mg1/3Nb2/3)O3,28,58000,,-48,(La1/2Na1/2)TiO3,122,9800,3,480,0.6,0.4,,,
0.919TiO2-0.081Bi2O3,80,9000,5,21,Bi2O3,33.5,18700,8.7,-235,TiO2,115,46000,,450,0.081,0.919,,,
0.981TiO2-0.019Bi2O3,97.8,18500,5,354,Bi2O3,33.5,18700,8.7,-235,TiO2,115,46000,,450,0.019,0.981,,,
0.959TiO2-0.041Bi2O3,91.9,12500,5,240,Bi2O3,33.5,18700,8.7,-235,TiO2,115,46000,,450,0.041,0.959,,,
0.8La2/3TiO3-0.2LaAlO3,53.9,29000,5.4,35,LaAlO3,23.4,68000,10,-58,La2/3TiO3,65,15700,,123,0.2,0.8,,,
0.4CaTiO3-0.6Ca(Mg1/3Nb2/3)O3,54,32000,6.7,18,Ca(Mg1/3Nb2/3)O3,28,58000,,-48,CaTiO3,162,1290,1.5,859,0.6,0.4,,,
0.48Nd(Zn1/2Ti1/2)O3-0.52SrTiO3,54.2,84000,,0,Nd(Zn1/2Ti1/2)O3,31.6,170000,8.5,-42,SrTiO3,270,3000,2,1500,0.48,0.52,,,1329
0.8Nd(Zn1/2Ti1/2)O3-0.2SrTiO3,37,143000,,-31.8,Nd(Zn1/2Ti1/2)O3,31.6,170000,8.5,-42,SrTiO3,270,3000,2,1500,0.8,0.2,,,1329
0.6Nd(Zn1/2Ti1/2)O3-0.4SrTiO3,47.1,12000,,-21.4,Nd(Zn1/2Ti1/2)O3,31.6,170000,8.5,-42,SrTiO3,270,3000,2,1500,0.6,0.4,,,1329
0.52Nd(Zn1/2Ti1/2)O3-0.48SrTiO3,50.4,109000,,-10,Nd(Zn1/2Ti1/2)O3,31.6,170000,8.5,-42,SrTiO3,270,3000,2,1500,0.52,0.48,,,1329
0.5Nd(Zn1/2Ti1/2)O3-0.5SrTiO3,53.8,93000,,2.5,Nd(Zn1/2Ti1/2)O3,31.6,170000,8.5,-42,SrTiO3,270,3000,2,1500,0.5,0.5,,,1329
0.45Nd(Zn1/2Ti1/2)O3-0.55SrTiO3,58,80000,,7.8,Nd(Zn1/2Ti1/2)O3,31.6,170000,8.5,-42,SrTiO3,270,3000,2,1500,0.45,0.55,,,1329
0.4Nd(Zn1/2Ti1/2)O3-0.6SrTiO3,63,39000,,49,Nd(Zn1/2Ti1/2)O3,31.6,170000,8.5,-42,SrTiO3,270,3000,2,1500,0.4,0.6,,,1329
0.2Nd(Zn1/2Ti1/2)O3-0.8SrTiO3,102,21000,,308,Nd(Zn1/2Ti1/2)O3,31.6,170000,8.5,-42,SrTiO3,270,3000,2,1500,0.2,0.8,,,1329
Ba(Ti0.85Mn0.15)O3+15wt%Bi2O3,54.7,1300,,183,Bi2O3,33.5,18700,8.7,-235,Ba(Ti0.85Mn0.15)O3,60,12000,,225,,,,,
TiFeNbO6+4wt%Bi2O3,56.1,1000,3.45,17,Bi2O3,33.5,18700,8.7,-235,TiFeNbO6,47.2,2300,3.68,281,0.025,0.975,,,
CaTi.6(Al1/2Nb1/2).4O3+1wt%Li3NbO4,56.6,28000,7,53,Li3NbO4,15.8,55000,,-49,CaTi.6(Al1/2Nb1/2).4O3,55.7,21800,7,47,,,,,
0.85La2/3TiO3-0.15LaAlO3,57.7,27900,5.2,65,LaAlO3,23.4,68000,10,-58,La2/3TiO3,65,15700,,123,0.15,0.85,,,
TiFeNbO6+6wt%Bi2O3,58.1,650,3.32,118,Bi2O3,33.5,18700,8.7,-235,TiFeNbO6,47.2,2300,3.68,281,0.038,0.962,,,
0.42(La1/2Na1/2)TiO3-0.58Ca(Fe1/2Nb1/2)O3,58.9,14070,6.6,0,Ca(Fe1/2Nb1/2)O3,36.8,15800,8.2,-93,(La1/2Na1/2)TiO3,122,9800,3,480,0.58,0.42,,,
0.9La2/3TiO3-0.1LaAlO3,62.6,26100,4.9,82,LaAlO3,23.4,68000,10,-58,La2/3TiO3,65,15700,,123,0.1,0.9,,,
0.92La2/3TiO3-0.08LaAlO3,66.9,28350,4.8,82,LaAlO3,23.4,68000,10,-58,La2/3TiO3,65,15700,,123,0.08,0.92,,,
0.6CaTiO3-0.4Ca(Mg1/3Nb2/3)O3,68,17000,5.4,108,Ca(Mg1/3Nb2/3)O3,28,58000,,-48,CaTiO3,162,1290,1.5,859,0.4,0.6,,,
0.3La(Mg1/2Ti1/2)O3-0.7SrTiO3,68.4,4950,6.6,,La(Mg1/2Ti1/2)O3,27.6,114300,7.1,-81,SrTiO3,270,3000,2,1500,0.3,0.7,,,
Ba4Nd9.33Ti18O54+2wt%Al2O3,70,12200,,20,Al2O3,10,634000,14,-40,Ba4Nd9.33Ti18O54,82.5,10060,,71,,,,,
(1-x)CaTiO3-xSm(Mg1/2Ti1/2)O3(x=0.2),72,12000,,160,Sm(Mg1/2Ti1/2)O3,25,65500,10,-26,CaTiO3,162,1290,1.5,859,0.2,0.8,,,
xCaTiO3–(1−x)La(Mg1∕2Ti1∕2)O3,28,60000,,-70,La(Mg1∕2Ti1∕2)O3,28,60000,,-70,CaTiO3,162,1290,1.5,859,1,0,,,
xCaTiO3–(1−x)La(Mg1∕2Ti1∕2)O3,33,32000,,-40,La(Mg1∕2Ti1∕2)O3,28,60000,,-70,CaTiO3,162,1290,1.5,859,0.7,0.3,,,
xCaTiO3–(1−x)La(Mg1∕2Ti1∕2)O3,44.6,32000,5.5,1.06,La(Mg1∕2Ti1∕2)O3,28,60000,,-70,CaTiO3,162,1290,1.5,859,0.45,0.55,,,
xCaTiO3–(1−x)La(Mg1∕2Ti1∕2)O3,48.2,27000,5.5,12,La(Mg1∕2Ti1∕2)O3,28,60000,,-70,CaTiO3,162,1290,1.5,859,0.4,0.6,,,
xCaTiO3–(1−x)La(Mg1∕2Ti1∕2)O3,55,18000,5.5,50,La(Mg1∕2Ti1∕2)O3,28,60000,,-70,CaTiO3,162,1290,1.5,859,0.3,0.7,,,
xCaTiO3–(1−x)La(Mg1∕2Ti1∕2)O3,80,16500,5.5,180,La(Mg1∕2Ti1∕2)O3,28,60000,,-70,CaTiO3,162,1290,1.5,859,0.2,0.8,,,
xCaTiO3–(1−x)La(Mg1∕2Ti1∕2)O3,124,14000,5.5,420,La(Mg1∕2Ti1∕2)O3,28,60000,,-70,CaTiO3,162,1290,1.5,859,0.1,0.9,,,
0.88TiO2-0.12Bi2Ti4O11,74,9500,,3,Bi2Ti4O11,47,4800,,-540,TiO2,115,46000,,450,0.12,0.88,,,
1TiO2-0Bi2Ti4O11,115,46000,,450,Bi2Ti4O11,47,4800,,-540,TiO2,115,46000,,450,0,1,,,
0TiO2-1Bi2Ti4O11,47,4800,,-540,Bi2Ti4O11,47,4800,,-540,TiO2,115,46000,,450,1,0,,,
Ba4.2Sm9.2Ti18O54+0.2wt%Al2O3,76.9,10100,,-23,Al2O3,10,634000,14,-40,Ba4.2Sm9.2Ti18O54,83,8950,3.5,-13,,,,,
Ba4Sm9.33Ti18O54+0.3mol%TiO2,78.8,10750,4.8,-21,Ba4Sm9.33Ti18O54,76,10000,,-12,TiO2,115,46000,,450,0.997,0.003,,,
Ba4.2Sm9.2Ti18O54+4wt%SrTiO3,81.2,8470,,-2,Ba4.2Sm9.2Ti18O54,83,8950,3.5,-13,SrTiO3,270,3000,2,1500,,,,,
Ba4Sm9.33Ti18O54+14mol%TiO2,81.5,10415,5,0,Ba4Sm9.33Ti18O54,76,10000,,-12,TiO2,115,46000,,450,0.86,0.14,,,
0.95TiO2-0.05Bi2Ti4O11,93,12500,,230,Bi2Ti4O11,47,4800,,-540,TiO2,115,46000,,450,0.05,0.95,,,
0.96La2/3TiO3-0.04CaTiO3,90,27000,10,190,La2/3TiO3,65,15700,,123,CaTiO3,162,1290,1.5,859,0.96,0.04,,,1474
1La2/3TiO3-0CaTiO3,65,15700,,123,La2/3TiO3,65,15700,,123,CaTiO3,162,1290,1.5,859,1,0,,,
0.1La(Mg1/2Ti1/2)O3-0.9CaTiO3,102.5,20200,4.3,395,La(Mg1/2Ti1/2)O3,27.6,114300,7.1,-81,CaTiO3,162,1290,1.5,859,0.1,0.9,,,
0.98TiO2-0.02Bi2Ti4O11,95,18000,,351,Bi2Ti4O11,47,4800,,-540,TiO2,115,46000,,450,0.02,0.98,,,
0.98TiO2-0.019Bi2O3,97.8,3700,,354,Bi2O3,33.5,18700,8.7,-235,TiO2,115,46000,,450,0.019,0.98,,,
TiO2+0.05mol%Al2O3,102,47100,,,Al2O3,10,634000,14,-40,TiO2,115,46000,,450,0.0005,0.9995,,,
0.5Ca0.6La0.2667TiO3-0.5Li1/2Nd1/2TiO3,105,7000,,5,Li1/2Nd1/2TiO3,75,2000,,-274,Ca0.6La0.2667TiO3,109,17600,4.5,213,0.5,0.5,,,
1Ca0.6La0.2667TiO3-0Li1/2Nd1/2TiO3,109,17600,4.5,213,Li1/2Nd1/2TiO3,75,2000,,-274,Ca0.6La0.2667TiO3,109,17600,4.5,213,0,1,,,
0Ca0.6La0.2667TiO3-1Li1/2Nd1/2TiO3,75,2000,,-274,Li1/2Nd1/2TiO3,75,2000,,-274,Ca0.6La0.2667TiO3,109,17600,4.5,213,1,0,,,
0.4CaTiO3-0.6Li1/2Nd1/2TiO3,126,2600,2.1,127,Li1/2Nd1/2TiO3,75,2000,,-274,CaTiO3,162,1290,1.5,859,0.6,0.4,,,
0CaTiO3-1Li1/2Nd1/2TiO3,75,2000,,-274,Li1/2Nd1/2TiO3,75,2000,,-274,CaTiO3,162,1290,1.5,859,1,0,,,
Ag(Nb3/4Ta1/4)O3-Ag(Nb1/4Ta3/4)O3(45:55),463,200,1.97,,Ag(Nb1/4Ta3/4)O3,295,600,2.6,,Ag(Nb3/4Ta1/4)O3,487,200,1.89,,0.55,0.45,,,
Ba0.6Sr0.4TiO3+2mol%BaCu(B2O5),2553,330,,,BaCu(B2O5),7.3,50000,,-32,Ba0.6Sr0.4TiO3,838,300,1.6,,0.02,0.98,,,
Ba0.6Sr0.4TiO3+0.5wt%MgCo2(VO4)2,2763,300,1,,MgCo2(VO4)2,9.4,78900,,-95,Ba0.6Sr0.4TiO3,838,300,1.6,,,,,,
Mg4Nb2O9+3 wt% LiF,10,116418,,-72,Mg4Nb2O9,12.4,192268,,-71,LiF,9.02,192400,7.1,-163.46,,,,,
0.5LaAlO3-0.5SrTiO3 ,35,27000,,-18,LaAlO3,19.6,24500,10,-44,SrTiO3,304,3300,1.22,1700,0.5,0.5,,,
0.5LaAlO3-0.5TiO2,37,37000,,-1,LaAlO3,24,68000,10,-44,TiO2,115,46000,5.5,450,0.5,0.5,,,
0.7CaTiO3 - 0.3LaAlO3,44,30000,,-3,CaTiO3,175,8320,1.41,859,LaAlO3,24,68000,10,-44,0.7,0.3,,,
La2/3TiO3 -LaAlO3,45,33000,,7,La2/3TiO3,65,15700,,123,LaAlO3,24,68000,10,-44,0.5,0.5,,,
0.89Al2O3-.11TiO2,12.9,187000,,-2,AL2O3,10,634000,14,-40,TiO2,115,46000,5.5,450,0.89,0.11,,,
0.75ZnNb2O6-0.22TiO2,22.5,15000,,-15,ZnNb2O6,21.5,84500,6.3,-75,TiO2,115,46000,5.5,450,0.78,0.22,,,
0.8Al1/2Ta1/2)O2-0.2TiO2,29.4,75470,,0,(Al1/2Ta1/2)O2,9,70000,,-55,TiO2,115,46000,5.5,450,0.8,0.2,,,
0.95(Mg.95Co.05)TiO3-0.05CaTiO3,20.3,107000,7,-22.8,(Mg.95Co.05)TiO3,16.8,230000,10,-54,CaTiO3,162,8320,1.41,859,0.95,0.05,,,
0.94(Mg.95Co.05)TiO3-0.06CaTiO3,20.9,102000,7,-9.5,(Mg.95Co.05)TiO3,16.8,230000,10,-54,CaTiO3,162,8320,1.41,859,0.94,0.06,,,
0.93(Mg.95Co.05)TiO3-0.07CaTiO3,21.6,92000,7,-1.8,(Mg.95Co.05)TiO3,16.8,230000,10,-54,CaTiO3,162,8320,1.41,859,0.93,0.07,,,
0.92(Mg.95Co.05)TiO3-0.08CaTiO3,22.1,86400,7,5.4,(Mg.95Co.05)TiO3,16.8,230000,10,-54,CaTiO3,162,8320,1.41,859,0.92,0.08,,,
0.3La(Mg1/2Ti1/2)O3 - 0.7CaTiO3,43.2,12437,5.5,-13,La(Mg1/2Ti1/2)O3,27.4,74550,7.1,-81,CaTiO3,162,8320,1.41,859,0.3,0.7,,,
0.64MgTiO3-0.36SrTiO3,20.8,71000,,-1,MgTiO3,17,110000,10,-55,SrTiO3,304,3300,1.22,1700,0.64,0.36,,,
0.95Ba(Zn1/3Nb2/3)O3-0.05BaZrO3,42,96000,7,27,Ba(Zn1/3Nb2/3)O3,41.1,86900,9.5,31,BaZrO3,35,8800,,140,0.95,0.05,,,
0.7Ba(Co1/3Nb2/3)O3-0.3Ba(Zn1/3Nb2/3)O3,34.3,75000,6,,Ba(Co1/3Nb2/3)O3,31,64000,9,-6,Ba(Zn1/3Nb2/3)O3,41.1,86900,9.5,31,0.7,0.3,,,
0.6Ba(Zn1/3Nb2/3)O3-0.4Ba(Co1/3Nb2/3)O3,35.5,86000,2,0,Ba(Zn1/3Nb2/3)O3,41.1,86900,9.5,31,Ba(Co1/3Nb2/3)O3,31,64000,9,-6,0.6,0.4,,,
0.25Ba(Y1/2Ta1/2)O3-0.75Ba(Ca1/9Y3/9Ta5/9)O3,28.5,16900,9.66,142,Ba(Y1/2Ta1/2)O3,30.45,38500,9.4,135,Ba(Ca1/9Y3/9Ta5/9)O3,26,19900,9.52,134,0.25,0.75,,,
0.75Ba(Y1/2Ta1/2)O3-0.25Ba(Ca1/9Y3/9Ta5/9)O3,29.8,34200,9.62,153,Ba(Y1/2Ta1/2)O3,30.45,38500,9.4,135,Ba(Ca1/9Y3/9Ta5/9)O3,26,19900,9.52,134,0.75,0.25,,,
0.5Ba(Y1/2Ta1/2)O3-0.5Ba(Ca1/9Y3/9Ta5/9)O3,30.35,36000,9.56,160,Ba(Y1/2Ta1/2)O3,30.45,38500,9.4,135,Ba(Ca1/9Y3/9Ta5/9)O3,26,19900,9.52,134,0.5,0.5,,,
Ba4Sm9.33Ti18O54 +0.3 mol%TiO2,78.8,10750,4.8,-21,Ba4Sm9.33Ti18O54,80,10700,4.7,-15,TiO2,115,64600,5.5,450,0.997,0.003,,,
